"V1";"V2";"V3";"V4";"V5";"V6"
"***";"nb classes";"4";"***";"";""
"**";"classe";"1";"**";"";""
"****";"103";"734";"14.03";"****";""
"18";"22";" 81.82";"86.385";"phone";"1.481137e-20"
"10";"13";" 76.92";"43.391";"create";"4.482805e-11"
" 7";" 7";"100.00";"43.296";"service";"4.704474e-11"
" 9";"11";" 81.82";"42.535";"money";"6.941841e-11"
" 6";" 6";"100.00";"37.060";"amount";"1.145363e-09"
" 7";" 8";" 87.50";"36.188";"giant";"1.791814e-09"
" 9";"13";" 69.23";"33.425";"agency";"7.404793e-09"
" 5";" 5";"100.00";"30.841";"signal";"2.800352e-08"
" 5";" 5";"100.00";"30.841";"cell";"2.800352e-08"
" 7";" 9";" 77.78";"30.692";"job";"3.024726e-08"
" 6";" 7";" 85.71";"30.102";"send";"4.098334e-08"
" 4";" 4";"100.00";"24.639";"text";"6.913369e-07"
" 4";" 4";"100.00";"24.639";"iphone";"6.913369e-07"
" 4";" 4";"100.00";"24.639";"department";"6.913369e-07"
" 4";" 4";"100.00";"24.639";"product";"6.913369e-07"
" 4";" 4";"100.00";"24.639";"pain";"6.913369e-07"
" 5";" 6";" 83.33";"24.083";"ton";"9.225717e-07"
" 5";" 6";" 83.33";"24.083";"month";"9.225717e-07"
" 5";" 6";" 83.33";"24.083";"message";"9.225717e-07"
" 5";" 6";" 83.33";"24.083";"federal";"9.225717e-07"
" 5";" 6";" 83.33";"24.083";"android";"9.225717e-07"
" 8";"15";" 53.33";"19.606";"video";"9.518309e-06"
" 5";" 7";" 71.43";"19.300";"full";"1.117343e-05"
" 5";" 7";" 71.43";"19.300";"dollar";"1.117343e-05"
" 5";" 7";" 71.43";"19.300";"apple";"1.117343e-05"
" 3";" 3";"100.00";"18.454";"facetime";"1.740491e-05"
" 3";" 3";"100.00";"18.454";"budget";"1.740491e-05"
" 3";" 3";"100.00";"18.454";"bankrupt";"1.740491e-05"
" 4";" 5";" 80.00";"18.160";"law";"2.030748e-05"
" 4";" 5";" 80.00";"18.160";"boy";"2.030748e-05"
" 4";" 5";" 80.00";"18.160";"ai";"2.030748e-05"
" 9";"20";" 45.00";"16.344";"stuff";"5.282127e-05"
" 5";" 8";" 62.50";"15.750";"tesla";"7.229889e-05"
" 4";" 6";" 66.67";"13.892";"market";"1.935914e-04"
" 4";" 6";" 66.67";"13.892";"billion";"1.935914e-04"
" 4";" 6";" 66.67";"13.892";"bureaucracy";"1.935914e-04"
" 3";" 4";" 75.00";"12.392";"lawsuit";"4.311028e-04"
" 3";" 4";" 75.00";"12.392";"spend";"4.311028e-04"
" 3";" 4";" 75.00";"12.392";"limit";"4.311028e-04"
" 3";" 4";" 75.00";"12.392";"economic";"4.311028e-04"
" 4";" 7";" 57.14";"10.888";"compromise";"9.679403e-04"
" 5";"10";" 50.00";"10.872";"youtube";"9.764314e-04"
"11";"34";" 32.35";" 9.919";"government";"1.635872e-03"
" 3";" 5";" 60.00";" 8.818";"nice";"2.982999e-03"
" 3";" 5";" 60.00";" 8.818";"break";"2.982999e-03"
" 8";"23";" 34.78";" 8.474";"basically";"3.601662e-03"
" 2";" 3";" 66.67";" 6.918";"starlink";"8.534972e-03"
" 2";" 3";" 66.67";" 6.918";"dominate";"8.534972e-03"
" 2";" 3";" 66.67";" 6.918";"bet";"8.534972e-03"
" 2";" 3";" 66.67";" 6.918";"wi";"8.534972e-03"
" 2";" 3";" 66.67";" 6.918";"output";"8.534972e-03"
" 2";" 3";" 66.67";" 6.918";"offer";"8.534972e-03"
" 2";" 3";" 66.67";" 6.918";"launch";"8.534972e-03"
" 3";" 6";" 50.00";" 6.487";"word";"1.086541e-02"
" 3";" 6";" 50.00";" 6.487";"simple";"1.086541e-02"
" 3";" 6";" 50.00";" 6.487";"bizarre";"1.086541e-02"
" 4";"10";" 40.00";" 5.667";"pay";"1.728912e-02"
" 4";"10";" 40.00";" 5.667";"movie";"1.728912e-02"
" 4";"10";" 40.00";" 5.667";"interest";"1.728912e-02"
" 3";" 7";" 42.86";" 4.868";"completely";"2.736691e-02"
" 3";" 7";" 42.86";" 4.868";"sit";"2.736691e-02"
" 2";" 4";" 50.00";" 4.313";"opinion";"3.782331e-02"
" 2";" 4";" 50.00";" 4.313";"regulator";"3.782331e-02"
" 2";" 4";" 50.00";" 4.313";"power";"3.782331e-02"
" 2";" 4";" 50.00";" 4.313";"wow";"3.782331e-02"
" 2";" 4";" 50.00";" 4.313";"intelligence";"3.782331e-02"
" 2";" 4";" 50.00";" 4.313";"fake";"3.782331e-02"
" 2";" 4";" 50.00";" 4.313";"couple";"3.782331e-02"
" 2";" 4";" 50.00";" 4.313";"action";"3.782331e-02"
" 5";"16";" 31.25";" 4.019";"pretty";"4.498314e-02"
" 6";"21";" 28.57";" 3.788";"call";"5.162280e-02"
" 4";"12";" 33.33";" 3.767";"hard";"5.226972e-02"
" 4";"12";" 33.33";" 3.767";"country";"5.226972e-02"
" 4";"12";" 33.33";" 3.767";"level";"5.226972e-02"
" 3";" 8";" 37.50";" 3.692";"term";"5.466298e-02"
" 3";" 8";" 37.50";" 3.692";"massive";"5.466298e-02"
" 9";"38";" 23.68";" 3.094";"good";"7.855857e-02"
" 3";" 9";" 33.33";" 2.814";"friend";"9.346578e-02"
" 2";" 5";" 40.00";" 2.814";"worth";"9.344751e-02"
" 2";" 5";" 40.00";" 2.814";"version";"9.344751e-02"
" 2";" 5";" 40.00";" 2.814";"impossible";"9.344751e-02"
" 2";" 5";" 40.00";" 2.814";"hand";"9.344751e-02"
" 2";" 5";" 40.00";" 2.814";"amaze";"9.344751e-02"
" 5";"19";" 26.32";" 2.439";"work";"1.183208e-01"
" 5";"20";" 25.00";" 2.050";"long";"1.522066e-01"
"*****";"*";"*";"*";"*";"*"
" 9";" 27";"33.33";"8.656";"doing";"0.003260149"
" 4";"  9";"44.44";"6.986";"use";"0.008216432"
" 2";"  3";"66.67";"6.918";"allows";"0.008534972"
" 3";"  6";"50.00";"6.487";"enough";"0.010865406"
"21";" 94";"22.34";"6.168";"make";"0.013009240"
" 9";" 32";"28.12";"5.508";"has";"0.018929071"
"11";" 42";"26.19";"5.458";"more";"0.019473365"
"11";" 42";"26.19";"5.458";"something";"0.019473365"
" 8";" 28";"28.57";"5.101";"their";"0.023916490"
" 9";" 33";"27.27";"5.021";"other";"0.025040831"
" 3";"  7";"42.86";"4.868";"tried";"0.027366910"
" 3";"  7";"42.86";"4.868";"53";"0.027366910"
" 3";"  7";"42.86";"4.868";"might";"0.027366910"
" 3";"  7";"42.86";"4.868";"33";"0.027366910"
" 3";"  7";"42.86";"4.868";"i_ll";"0.027366910"
"15";" 65";"23.08";"4.836";"2";"0.027877717"
" 4";" 11";"36.36";"4.616";"23";"0.031670282"
" 8";" 29";"27.59";"4.598";"than";"0.032016190"
" 2";"  4";"50.00";"4.313";"it_ll";"0.037823309"
"10";" 40";"25.00";"4.218";"even";"0.039993803"
" 7";" 25";"28.00";"4.185";"many";"0.040772784"
" 3";"  8";"37.50";"3.692";"ask";"0.054662984"
"13";" 59";"22.03";"3.405";"an";"0.065010527"
" 6";" 22";"27.27";"3.296";"most";"0.069463250"
"19";" 95";"20.00";"3.221";"do";"0.072696004"
"10";" 43";"23.26";"3.221";"these";"0.072706893"
" 8";" 33";"24.24";"2.986";"them";"0.084003107"
" 3";"  9";"33.33";"2.814";"19";"0.093465779"
" 2";"  5";"40.00";"2.814";"you_ll";"0.093447509"
" 2";"  5";"40.00";"2.814";"sent";"0.093447509"
"19";" 98";"19.39";"2.689";"going";"0.101071467"
"14";" 68";"20.59";"2.670";"then";"0.102271167"
"21";"111";"18.92";"2.588";"that_s";"0.107660611"
" 3";" 10";"30.00";"2.143";"keep";"0.143256595"
" 8";" 36";"22.22";"2.105";"we_re";"0.146849065"
"60";"379";"15.83";"2.101";"to";"0.147204297"
"*";"*";"*";"*";"*";"*"
"**";"classe";"2";"**";"";""
"****";"308";"734";"41.96";"****";""
" 15";" 16";" 93.75";"18.013";"car";"2.194106e-05"
" 16";" 18";" 88.89";"16.685";"problem";"4.412194e-05"
" 10";" 10";"100.00";"14.022";"issue";"1.806643e-04"
" 14";" 16";" 87.50";"13.928";"company";"1.899952e-04"
" 24";" 33";" 72.73";"13.429";"big";"2.477404e-04"
" 97";"181";" 53.59";"13.341";"um";"2.596632e-04"
"  9";"  9";"100.00";"12.603";"deal";"3.852148e-04"
" 11";" 12";" 91.67";"12.376";"essentially";"4.349641e-04"
"  7";"  7";"100.00";" 9.775";"difference";"1.768968e-03"
"  9";" 10";" 90.00";" 9.606";"robot";"1.938978e-03"
"  9";" 10";" 90.00";" 9.606";"walk";"1.938978e-03"
"  9";" 10";" 90.00";" 9.606";"buy";"1.938978e-03"
"  9";" 10";" 90.00";" 9.606";"situation";"1.938978e-03"
" 12";" 15";" 80.00";" 9.098";"weird";"2.559390e-03"
" 12";" 15";" 80.00";" 9.098";"life";"2.559390e-03"
" 20";" 29";" 68.97";" 9.040";"bad";"2.640944e-03"
" 10";" 12";" 83.33";" 8.574";"super";"3.410321e-03"
"  6";"  6";"100.00";" 8.367";"sleep";"3.820754e-03"
"  6";"  6";"100.00";" 8.367";"app";"3.820754e-03"
"  6";"  6";"100.00";" 8.367";"border";"3.820754e-03"
"  6";"  6";"100.00";" 8.367";"generally";"3.820754e-03"
"  6";"  6";"100.00";" 8.367";"factory";"3.820754e-03"
"  6";"  6";"100.00";" 8.367";"choose";"3.820754e-03"
"  6";"  6";"100.00";" 8.367";"biological";"3.820754e-03"
"  8";"  9";" 88.89";" 8.239";"meth";"4.099795e-03"
"  8";"  9";" 88.89";" 8.239";"build";"4.099795e-03"
" 11";" 14";" 78.57";" 7.854";"america";"5.069729e-03"
" 11";" 14";" 78.57";" 7.854";"history";"5.069729e-03"
" 78";"150";" 52.00";" 7.800";"uh";"5.223648e-03"
" 18";" 27";" 66.67";" 7.025";"talk";"8.038742e-03"
"  5";"  5";"100.00";" 6.963";"humor";"8.321163e-03"
"  5";"  5";"100.00";" 6.963";"american";"8.321163e-03"
"  5";"  5";"100.00";" 6.963";"eat";"8.321163e-03"
"  5";"  5";"100.00";" 6.963";"human";"8.321163e-03"
"  5";"  5";"100.00";" 6.963";"holy";"8.321163e-03"
"  7";"  8";" 87.50";" 6.887";"high";"8.682343e-03"
"  7";"  8";" 87.50";" 6.887";"fast";"8.682343e-03"
"  7";"  8";" 87.50";" 6.887";"part";"8.682343e-03"
"  7";"  8";" 87.50";" 6.887";"matter";"8.682343e-03"
"  7";"  8";" 87.50";" 6.887";"kid";"8.682343e-03"
" 20";" 31";" 64.52";" 6.761";"happen";"9.318691e-03"
" 20";" 31";" 64.52";" 6.761";"man";"9.318691e-03"
"113";"234";" 48.29";" 5.649";"yeah";"1.746048e-02"
" 13";" 19";" 68.42";" 5.607";"put";"1.788909e-02"
"  4";"  4";"100.00";" 5.563";"transgender";"1.834623e-02"
"  4";"  4";"100.00";" 5.563";"nazis";"1.834623e-02"
"  4";"  4";"100.00";" 5.563";"golf";"1.834623e-02"
"  4";"  4";"100.00";" 5.563";"compete";"1.834623e-02"
"  4";"  4";"100.00";" 5.563";"row";"1.834623e-02"
"  4";"  4";"100.00";" 5.563";"pharmaceutical";"1.834623e-02"
"  4";"  4";"100.00";" 5.563";"electric";"1.834623e-02"
"  4";"  4";"100.00";" 5.563";"quote";"1.834623e-02"
"  4";"  4";"100.00";" 5.563";"mom";"1.834623e-02"
"  4";"  4";"100.00";" 5.563";"large";"1.834623e-02"
"  4";"  4";"100.00";" 5.563";"hilarious";"1.834623e-02"
"  4";"  4";"100.00";" 5.563";"computer";"1.834623e-02"
"  4";"  4";"100.00";" 5.563";"catch";"1.834623e-02"
"  6";"  7";" 85.71";" 5.555";"wake";"1.842638e-02"
" 10";" 14";" 71.43";" 5.088";"change";"2.408548e-02"
"  7";"  9";" 77.78";" 4.799";"hear";"2.847006e-02"
"  7";"  9";" 77.78";" 4.799";"day";"2.847006e-02"
"  7";"  9";" 77.78";" 4.799";"imagine";"2.847006e-02"
"  7";"  9";" 77.78";" 4.799";"guess";"2.847006e-02"
"  7";"  9";" 77.78";" 4.799";"tariff";"2.847006e-02"
" 26";" 46";" 56.52";" 4.272";"crazy";"3.874934e-02"
"  5";"  6";" 83.33";" 4.252";"race";"3.921394e-02"
"  5";"  6";" 83.33";" 4.252";"york";"3.921394e-02"
"  5";"  6";" 83.33";" 4.252";"addict";"3.921394e-02"
"  5";"  6";" 83.33";" 4.252";"street";"3.921394e-02"
"  5";"  6";" 83.33";" 4.252";"pull";"3.921394e-02"
"  5";"  6";" 83.33";" 4.252";"global";"3.921394e-02"
"  5";"  6";" 83.33";" 4.252";"agree";"3.921394e-02"
"  3";"  3";"100.00";" 4.166";"technology";"4.123382e-02"
"  3";"  3";"100.00";" 4.166";"cure";"4.123382e-02"
"  3";"  3";"100.00";" 4.166";"japanese";"4.123382e-02"
"  3";"  3";"100.00";" 4.166";"grade";"4.123382e-02"
"  3";"  3";"100.00";" 4.166";"steer";"4.123382e-02"
"  3";"  3";"100.00";" 4.166";"north";"4.123382e-02"
"  3";"  3";"100.00";" 4.166";"music";"4.123382e-02"
"  3";"  3";"100.00";" 4.166";"clean";"4.123382e-02"
"  3";"  3";"100.00";" 4.166";"city";"4.123382e-02"
"  3";"  3";"100.00";" 4.166";"warm";"4.123382e-02"
"  3";"  3";"100.00";" 4.166";"threat";"4.123382e-02"
"  3";"  3";"100.00";" 4.166";"supply";"4.123382e-02"
"  3";"  3";"100.00";" 4.166";"stand";"4.123382e-02"
"  3";"  3";"100.00";" 4.166";"south";"4.123382e-02"
"  3";"  3";"100.00";" 4.166";"ship";"4.123382e-02"
"  3";"  3";"100.00";" 4.166";"prove";"4.123382e-02"
"  3";"  3";"100.00";" 4.166";"objectively";"4.123382e-02"
"  3";"  3";"100.00";" 4.166";"identify";"4.123382e-02"
"  3";"  3";"100.00";" 4.166";"financial";"4.123382e-02"
"  3";"  3";"100.00";" 4.166";"farm";"4.123382e-02"
"  3";"  3";"100.00";" 4.166";"decision";"4.123382e-02"
"  3";"  3";"100.00";" 4.166";"chain";"4.123382e-02"
"  3";"  3";"100.00";" 4.166";"basic";"4.123382e-02"
"  9";" 13";" 69.23";" 4.041";"illegal";"4.441170e-02"
" 10";" 15";" 66.67";" 3.838";"woman";"5.011687e-02"
" 12";" 19";" 63.16";" 3.598";"work";"5.784227e-02"
"  7";" 10";" 70.00";" 3.273";"drug";"7.044751e-02"
"  7";" 10";" 70.00";" 3.273";"system";"7.044751e-02"
"  4";"  5";" 80.00";" 2.991";"sell";"8.373107e-02"
"  4";"  5";" 80.00";" 2.991";"difficult";"8.373107e-02"
"  4";"  5";" 80.00";" 2.991";"diddy";"8.373107e-02"
"  4";"  5";" 80.00";" 2.991";"beat";"8.373107e-02"
"  4";"  5";" 80.00";" 2.991";"today";"8.373107e-02"
"  4";"  5";" 80.00";" 2.991";"question";"8.373107e-02"
"  4";"  5";" 80.00";" 2.991";"moment";"8.373107e-02"
"  4";"  5";" 80.00";" 2.991";"fun";"8.373107e-02"
"  9";" 14";" 64.29";" 2.921";"feel";"8.745900e-02"
" 91";"193";" 47.15";" 2.894";"person";"8.888886e-02"
" 10";" 16";" 62.50";" 2.833";"great";"9.234595e-02"
" 10";" 16";" 62.50";" 2.833";"pretty";"9.234595e-02"
"  5";"  7";" 71.43";" 2.520";"regulation";"1.124294e-01"
"  5";"  7";" 71.43";" 2.520";"sudden";"1.124294e-01"
"  5";"  7";" 71.43";" 2.520";"rule";"1.124294e-01"
"  5";"  7";" 71.43";" 2.520";"funny";"1.124294e-01"
"  5";"  7";" 71.43";" 2.520";"fire";"1.124294e-01"
"  5";"  7";" 71.43";" 2.520";"business";"1.124294e-01"
" 16";" 29";" 55.17";" 2.164";"kind";"1.413122e-01"
"  7";" 11";" 63.64";" 2.154";"numb";"1.421829e-01"
"  8";" 13";" 61.54";" 2.083";"start";"1.489839e-01"
" 11";" 19";" 57.89";" 2.033";"sense";"1.539038e-01"
"*****";"*";"*";"*";"*";"*"
" 18";" 24";" 75.00";"11.120";"will";"0.0008539314"
"139";"284";" 48.94";" 9.272";"i";"0.0023269377"
" 26";" 42";" 61.90";" 7.275";"lot";"0.0069911061"
" 40";" 71";" 56.34";" 6.671";"or";"0.0098020827"
" 37";" 65";" 56.92";" 6.555";"2";"0.0104610547"
" 22";" 37";" 59.46";" 4.898";"really";"0.0268816156"
"  7";"  9";" 77.78";" 4.799";"48";"0.0284700588"
" 70";"140";" 50.00";" 4.590";"think";"0.0321652269"
"  5";"  6";" 83.33";" 4.252";"own";"0.0392139431"
"  5";"  6";" 83.33";" 4.252";"through";"0.0392139431"
"  5";"  6";" 83.33";" 4.252";"thank";"0.0392139431"
" 16";" 26";" 61.54";" 4.242";"very";"0.0394419901"
"  3";"  3";"100.00";" 4.166";"unless";"0.0412338235"
"  3";"  3";"100.00";" 4.166";"aren_t";"0.0412338235"
"  3";"  3";"100.00";" 4.166";"throughout";"0.0412338235"
"  3";"  3";"100.00";" 4.166";"become";"0.0412338235"
"  3";"  3";"100.00";" 4.166";"across";"0.0412338235"
"  9";" 13";" 69.23";" 4.041";"everyone";"0.0444116967"
" 11";" 17";" 64.71";" 3.697";"does";"0.0545262498"
" 56";"112";" 50.00";" 3.506";"mean";"0.0611303845"
" 14";" 23";" 60.87";" 3.485";"still";"0.0619089611"
" 20";" 35";" 57.14";" 3.478";"okay";"0.0621928217"
" 17";" 29";" 58.62";" 3.441";"than";"0.0636150560"
" 24";" 44";" 54.55";" 3.043";"your";"0.0810721415"
"  4";"  5";" 80.00";" 2.991";"saw";"0.0837310709"
"  4";"  5";" 80.00";" 2.991";"eight";"0.0837310709"
"  4";"  5";" 80.00";" 2.991";"44";"0.0837310709"
"  9";" 14";" 64.29";" 2.921";"new";"0.0874589992"
" 10";" 16";" 62.50";" 2.833";"we_ve";"0.0923459517"
" 17";" 30";" 56.67";" 2.777";"my";"0.0956196402"
"109";"235";" 46.38";" 2.774";"it_s";"0.0957856532"
" 12";" 20";" 60.00";" 2.747";"better";"0.0974429380"
" 70";"146";" 47.95";" 2.679";"be";"0.1016717312"
" 24";" 45";" 53.33";" 2.545";"now";"0.1106162483"
"118";"257";" 45.91";" 2.537";"it";"0.1112159513"
"  5";"  7";" 71.43";" 2.520";"51";"0.1124294045"
" 29";" 56";" 51.79";" 2.402";"how";"0.1211469743"
"  6";"  9";" 66.67";" 2.283";"allow";"0.1307589303"
"  6";"  9";" 66.67";" 2.283";"39";"0.1307589303"
" 33";" 65";" 50.77";" 2.271";"got";"0.1317742539"
"  7";" 11";" 63.64";" 2.154";"you_ve";"0.1421828513"
"  7";" 11";" 63.64";" 2.154";"trying";"0.1421828513"
"  7";" 11";" 63.64";" 2.154";"24";"0.1421828513"
" 46";" 94";" 48.94";" 2.153";"make";"0.1422754848"
" 41";" 83";" 49.40";" 2.125";"don_t";"0.1449525198"
" 23";" 44";" 52.27";" 2.043";"some";"0.1528822603"
"*";"*";"*";"*";"*";"*"
"**";"classe";"3";"**";"";""
"****";"161";"734";"21.93";"****";""
"17";"19";" 89.47";"51.960";"kill";"5.665537e-13"
"19";"24";" 79.17";"47.461";"squirrel";"5.610147e-12"
"13";"14";" 92.86";"41.925";"post";"9.484840e-11"
"12";"13";" 92.31";"38.276";"freedom";"6.140659e-10"
"10";"10";"100.00";"36.082";"misinformation";"1.892215e-09"
"12";"15";" 80.00";"30.151";"wrong";"3.996367e-08"
" 8";" 8";"100.00";"28.786";"speech";"8.084203e-08"
"11";"14";" 78.57";"26.736";"push";"2.332015e-07"
" 7";" 7";"100.00";"25.153";"community";"5.295936e-07"
" 7";" 7";"100.00";"25.153";"dog";"5.295936e-07"
" 7";" 7";"100.00";"25.153";"actual";"5.295936e-07"
" 6";" 6";"100.00";"21.530";"note";"3.483307e-06"
" 6";" 6";"100.00";"21.530";"conspiracy";"3.483307e-06"
" 7";" 8";" 87.50";"20.305";"pet";"6.601584e-06"
" 8";"10";" 80.00";"19.962";"argument";"7.899691e-06"
" 5";" 5";"100.00";"17.917";"boycott";"2.307408e-05"
" 5";" 5";"100.00";"17.917";"uk";"2.307408e-05"
" 5";" 5";"100.00";"17.917";"suppress";"2.307408e-05"
" 5";" 5";"100.00";"17.917";"evidence";"2.307408e-05"
"10";"15";" 66.67";"17.894";"find";"2.335540e-05"
"15";"28";" 53.57";"17.016";"leave";"3.707435e-05"
" 8";"11";" 72.73";"16.825";"bite";"4.098217e-05"
" 6";" 7";" 85.71";"16.789";"john";"4.176526e-05"
" 6";" 7";" 85.71";"16.789";"complete";"4.176526e-05"
" 4";" 4";"100.00";"14.314";"kamala";"1.547075e-04"
" 4";" 4";"100.00";"14.314";"online";"1.547075e-04"
" 4";" 4";"100.00";"14.314";"feed";"1.547075e-04"
" 4";" 4";"100.00";"14.314";"counter";"1.547075e-04"
" 8";"12";" 66.67";"14.256";"true";"1.595740e-04"
" 7";"10";" 70.00";"13.678";"win";"2.169396e-04"
" 7";"10";" 70.00";"13.678";"social";"2.169396e-04"
" 5";" 6";" 83.33";"13.318";"theory";"2.628390e-04"
" 5";" 6";" 83.33";"13.318";"stick";"2.628390e-04"
" 5";" 6";" 83.33";"13.318";"narrative";"2.628390e-04"
" 6";" 8";" 75.00";"13.301";"correct";"2.652665e-04"
" 6";" 8";" 75.00";"13.301";"live";"2.652665e-04"
"10";"18";" 55.56";"12.181";"medium";"4.827571e-04"
" 7";"11";" 63.64";"11.342";"information";"7.579374e-04"
" 7";"11";" 63.64";"11.342";"control";"7.579374e-04"
" 9";"16";" 56.25";"11.248";"world";"7.970227e-04"
"10";"19";" 52.63";"10.734";"totally";"1.052062e-03"
" 3";" 3";"100.00";"10.721";"neighbor";"1.059358e-03"
" 3";" 3";"100.00";"10.721";"wick";"1.059358e-03"
" 3";" 3";"100.00";"10.721";"advertiser";"1.059358e-03"
" 3";" 3";"100.00";"10.721";"reply";"1.059358e-03"
" 3";" 3";"100.00";"10.721";"dissent";"1.059358e-03"
" 6";" 9";" 66.67";"10.648";"account";"1.102163e-03"
" 5";" 7";" 71.43";"10.111";"democracy";"1.474210e-03"
" 5";" 7";" 71.43";"10.111";"total";"1.474210e-03"
" 5";" 7";" 71.43";"10.111";"govern";"1.474210e-03"
" 4";" 5";" 80.00";" 9.913";"society";"1.641565e-03"
" 4";" 5";" 80.00";" 9.913";"censorship";"1.641565e-03"
" 4";" 5";" 80.00";" 9.913";"banana";"1.641565e-03"
" 6";"10";" 60.00";" 8.579";"place";"3.400874e-03"
" 5";" 8";" 62.50";" 7.773";"debate";"5.304141e-03"
" 5";" 8";" 62.50";" 7.773";"amendment";"5.304141e-03"
" 5";" 8";" 62.50";" 7.773";"propaganda";"5.304141e-03"
" 4";" 6";" 66.67";" 7.069";"party";"7.842374e-03"
" 4";" 6";" 66.67";" 7.069";"anymore";"7.842374e-03"
" 4";" 6";" 66.67";" 7.069";"rumor";"7.842374e-03"
" 3";" 4";" 75.00";" 6.614";"sentence";"1.011772e-02"
" 3";" 4";" 75.00";" 6.614";"remove";"1.011772e-02"
" 3";" 4";" 75.00";" 6.614";"view";"1.011772e-02"
" 5";" 9";" 55.56";" 6.015";"understand";"1.418516e-02"
"13";"34";" 38.24";" 5.532";"government";"1.866926e-02"
" 7";"15";" 46.67";" 5.470";"reason";"1.934516e-02"
" 8";"18";" 44.44";" 5.460";"bunch";"1.945394e-02"
" 4";" 7";" 57.14";" 5.116";"read";"2.370142e-02"
" 5";"10";" 50.00";" 4.663";"research";"3.081043e-02"
" 3";" 5";" 60.00";" 4.260";"personal";"3.901964e-02"
" 4";" 8";" 50.00";" 3.721";"release";"5.374771e-02"
" 4";" 8";" 50.00";" 3.721";"type";"5.374771e-02"
" 4";" 8";" 50.00";" 3.721";"organization";"5.374771e-02"
" 4";" 8";" 50.00";" 3.721";"hoax";"5.374771e-02"
" 4";" 8";" 50.00";" 3.721";"hate";"5.374771e-02"
" 6";"14";" 42.86";" 3.649";"show";"5.611475e-02"
" 5";"11";" 45.45";" 3.608";"vote";"5.751143e-02"
" 2";" 3";" 66.67";" 3.520";"anti";"6.063045e-02"
" 2";" 3";" 66.67";" 3.520";"target";"6.063045e-02"
" 2";" 3";" 66.67";" 3.520";"platform";"6.063045e-02"
" 2";" 3";" 66.67";" 3.520";"math";"6.063045e-02"
" 2";" 3";" 66.67";" 3.520";"list";"6.063045e-02"
" 2";" 3";" 66.67";" 3.520";"kenya";"6.063045e-02"
" 2";" 3";" 66.67";" 3.520";"hit";"6.063045e-02"
" 2";" 3";" 66.67";" 3.520";"cute";"6.063045e-02"
" 2";" 3";" 66.67";" 3.520";"choice";"6.063045e-02"
" 2";" 3";" 66.67";" 3.520";"ability";"6.063045e-02"
" 2";" 3";" 66.67";" 3.520";"supposedly";"6.063045e-02"
" 2";" 3";" 66.67";" 3.520";"sex";"6.063045e-02"
" 2";" 3";" 66.67";" 3.520";"scam";"6.063045e-02"
" 2";" 3";" 66.67";" 3.520";"pure";"6.063045e-02"
" 2";" 3";" 66.67";" 3.520";"merit";"6.063045e-02"
" 2";" 3";" 66.67";" 3.520";"facebook";"6.063045e-02"
" 2";" 3";" 66.67";" 3.520";"disinformation";"6.063045e-02"
" 7";"18";" 38.89";" 3.098";"cuz";"7.840755e-02"
"14";"43";" 32.56";" 3.010";"trump";"8.272764e-02"
"16";"51";" 31.37";" 2.851";"guy";"9.131162e-02"
" 3";" 6";" 50.00";" 2.783";"fight";"9.528608e-02"
" 4";" 9";" 44.44";" 2.696";"important";"1.005858e-01"
" 4";" 9";" 44.44";" 2.696";"absolutely";"1.005858e-01"
" 7";"20";" 35.00";" 2.050";"back";"1.522389e-01"
"*****";"*";"*";"*";"*";"*"
"  9";" 17";"52.94";"9.771";"first";"0.001772731"
"  6";" 10";"60.00";"8.579";"30";"0.003400874"
" 12";" 27";"44.44";"8.295";"why";"0.003976256"
" 56";"192";"29.17";"7.942";"they";"0.004829847"
"  4";"  6";"66.67";"7.069";"course";"0.007842374"
"  4";"  6";"66.67";"7.069";"each";"0.007842374"
" 12";" 29";"41.38";"6.667";"take";"0.009822381"
"  3";"  4";"75.00";"6.614";"we_ll";"0.010117717"
"  3";"  4";"75.00";"6.614";"anybody";"0.010117717"
"  3";"  4";"75.00";"6.614";"definitely";"0.010117717"
"  4";"  7";"57.14";"5.116";"here_s";"0.023701419"
"102";"409";"24.94";"4.869";"and";"0.027345847"
"  9";" 22";"40.91";"4.769";"obviously";"0.028983475"
"  7";" 16";"43.75";"4.546";"little";"0.032995753"
"124";"519";"23.89";"3.965";"the";"0.046456822"
"  4";"  8";"50.00";"3.721";"away";"0.053747706"
"  5";" 11";"45.45";"3.608";"they_ll";"0.057511432"
"  5";" 11";"45.45";"3.608";"against";"0.057511432"
"  2";"  3";"66.67";"3.520";"seeing";"0.060630453"
"  2";"  3";"66.67";"3.520";"14";"0.060630453"
"  2";"  3";"66.67";"3.520";"seem";"0.060630453"
" 25";" 84";"29.76";"3.394";"there";"0.065438458"
" 11";" 32";"34.38";"3.024";"by";"0.082038379"
" 26";" 90";"28.89";"2.897";"well";"0.088736983"
"  5";" 12";"41.67";"2.774";"gets";"0.095810220"
"  8";" 22";"36.36";"2.758";"probably";"0.096795860"
"  4";"  9";"44.44";"2.696";"02";"0.100585821"
"  4";"  9";"44.44";"2.696";"54";"0.100585821"
" 11";" 33";"33.33";"2.622";"other";"0.105398052"
"  9";" 26";"34.62";"2.531";"too";"0.111609852"
" 77";"311";"24.76";"2.514";"of";"0.112853749"
" 23";" 81";"28.40";"2.219";"with";"0.136299372"
" 30";"110";"27.27";"2.153";"for";"0.142269205"
"  5";" 13";"38.46";"2.111";"best";"0.146238105"
"  5";" 13";"38.46";"2.111";"36";"0.146238105"
"*";"*";"*";"*";"*";"*"
"**";"classe";"4";"**";"";""
"****";"162";"734";"22.07";"****";""
"16";"16";"100.00";"57.753";"lie";"2.972254e-14"
"16";"17";" 94.12";"52.521";"president";"4.255848e-13"
"14";"14";"100.00";"50.393";"attack";"1.258244e-12"
"25";"43";" 58.14";"34.548";"trump";"4.157772e-09"
"11";"13";" 84.62";"30.100";"support";"4.103674e-08"
" 8";" 8";"100.00";"28.558";"campaign";"9.092516e-08"
" 8";" 8";"100.00";"28.558";"biden";"9.092516e-08"
"10";"12";" 83.33";"26.620";"democrat";"2.476478e-07"
" 8";" 9";" 88.89";"23.652";"she_s";"1.154217e-06"
"25";"51";" 49.02";"23.142";"guy";"1.504538e-06"
" 6";" 6";"100.00";"21.360";"liz";"3.806722e-06"
"12";"18";" 66.67";"21.337";"war";"3.853070e-06"
" 7";" 8";" 87.50";"20.131";"kick";"7.230140e-06"
" 7";" 8";" 87.50";"20.131";"primary";"7.230140e-06"
" 5";" 5";"100.00";"17.775";"cheney";"2.485756e-05"
" 5";" 5";"100.00";"17.775";"white";"2.485756e-05"
" 5";" 5";"100.00";"17.775";"deploy";"2.485756e-05"
" 5";" 5";"100.00";"17.775";"warmonger";"2.485756e-05"
" 5";" 5";"100.00";"17.775";"front";"2.485756e-05"
" 5";" 5";"100.00";"17.775";"forever";"2.485756e-05"
"12";"20";" 60.00";"17.197";"run";"3.369500e-05"
" 9";"13";" 69.23";"17.113";"fine";"3.521654e-05"
" 6";" 7";" 85.71";"16.644";"obama";"4.510150e-05"
" 6";" 7";" 85.71";"16.644";"virus";"4.510150e-05"
" 6";" 7";" 85.71";"16.644";"republican";"4.510150e-05"
" 6";" 7";" 85.71";"16.644";"flat";"4.510150e-05"
" 6";" 7";" 85.71";"16.644";"remember";"4.510150e-05"
" 4";" 4";"100.00";"14.201";"minute";"1.642967e-04"
" 4";" 4";"100.00";"14.201";"joe";"1.642967e-04"
" 4";" 4";"100.00";"14.201";"death";"1.642967e-04"
" 4";" 4";"100.00";"14.201";"angry";"1.642967e-04"
" 4";" 4";"100.00";"14.201";"step";"1.642967e-04"
" 4";" 4";"100.00";"14.201";"leftwing";"1.642967e-04"
" 4";" 4";"100.00";"14.201";"hillary";"1.642967e-04"
" 4";" 4";"100.00";"14.201";"gain";"1.642967e-04"
" 4";" 4";"100.00";"14.201";"correspondence";"1.642967e-04"
" 8";"13";" 61.54";"11.986";"fact";"5.360747e-04"
" 3";" 3";"100.00";"10.636";"troop";"1.109034e-03"
" 3";" 3";"100.00";"10.636";"vice";"1.109034e-03"
" 3";" 3";"100.00";"10.636";"kamla";"1.109034e-03"
" 3";" 3";"100.00";"10.636";"stage";"1.109034e-03"
" 3";" 3";"100.00";"10.636";"att";"1.109034e-03"
"11";"22";" 50.00";"10.286";"point";"1.340624e-03"
" 5";" 7";" 71.43";"10.010";"function";"1.556594e-03"
" 4";" 5";" 80.00";" 9.822";"attention";"1.724069e-03"
" 4";" 5";" 80.00";" 9.822";"ago";"1.724069e-03"
" 4";" 5";" 80.00";" 9.822";"hide";"1.724069e-03"
" 4";" 5";" 80.00";" 9.822";"dinner";"1.724069e-03"
" 9";"17";" 52.94";" 9.642";"insane";"1.901266e-03"
"10";"20";" 50.00";" 9.324";"give";"2.261127e-03"
"13";"30";" 43.33";" 8.222";"year";"4.139573e-03"
" 5";" 8";" 62.50";" 7.686";"roast";"5.564022e-03"
" 4";" 6";" 66.67";" 6.995";"election";"8.173945e-03"
" 4";" 6";" 66.67";" 6.995";"side";"8.173945e-03"
" 4";" 6";" 66.67";" 6.995";"hope";"8.173945e-03"
" 3";" 4";" 75.00";" 6.551";"easy";"1.048283e-02"
" 3";" 4";" 75.00";" 6.551";"child";"1.048283e-02"
" 3";" 4";" 75.00";" 6.551";"center";"1.048283e-02"
" 5";" 9";" 55.56";" 5.940";"hey";"1.480236e-02"
" 5";" 9";" 55.56";" 5.940";"week";"1.480236e-02"
" 6";"12";" 50.00";" 5.533";"line";"1.866433e-02"
" 9";"21";" 42.86";" 5.431";"call";"1.978498e-02"
" 4";" 7";" 57.14";" 5.054";"turn";"2.456472e-02"
" 4";" 7";" 57.14";" 5.054";"strange";"2.456472e-02"
" 4";" 7";" 57.14";" 5.054";"future";"2.456472e-02"
" 5";"10";" 50.00";" 4.598";"pay";"3.201220e-02"
" 3";" 5";" 60.00";" 4.211";"suppose";"4.016708e-02"
" 3";" 5";" 60.00";" 4.211";"pretend";"4.016708e-02"
" 3";" 5";" 60.00";" 4.211";"joke";"4.016708e-02"
" 3";" 5";" 60.00";" 4.211";"podcast";"4.016708e-02"
" 3";" 5";" 60.00";" 4.211";"throw";"4.016708e-02"
" 8";"20";" 40.00";" 3.843";"watch";"4.996509e-02"
" 4";" 8";" 50.00";" 3.668";"organization";"5.546199e-02"
" 4";" 8";" 50.00";" 3.668";"hoax";"5.546199e-02"
" 4";" 8";" 50.00";" 3.668";"bring";"5.546199e-02"
" 4";" 8";" 50.00";" 3.668";"realize";"5.546199e-02"
" 4";" 8";" 50.00";" 3.668";"hate";"5.546199e-02"
" 5";"11";" 45.45";" 3.550";"wild";"5.953675e-02"
" 2";" 3";" 66.67";" 3.483";"small";"6.199747e-02"
" 2";" 3";" 66.67";" 3.483";"pass";"6.199747e-02"
" 2";" 3";" 66.67";" 3.483";"warn";"6.199747e-02"
" 2";" 3";" 66.67";" 3.483";"scale";"6.199747e-02"
" 2";" 3";" 66.67";" 3.483";"profit";"6.199747e-02"
" 2";" 3";" 66.67";" 3.483";"machine";"6.199747e-02"
" 2";" 3";" 66.67";" 3.483";"lab";"6.199747e-02"
" 2";" 3";" 66.67";" 3.483";"dismiss";"6.199747e-02"
" 2";" 3";" 66.67";" 3.483";"sh";"6.199747e-02"
" 2";" 3";" 66.67";" 3.483";"incorrect";"6.199747e-02"
" 2";" 3";" 66.67";" 3.483";"experience";"6.199747e-02"
" 2";" 3";" 66.67";" 3.483";"endorse";"6.199747e-02"
" 2";" 3";" 66.67";" 3.483";"discuss";"6.199747e-02"
" 2";" 3";" 66.67";" 3.483";"dead";"6.199747e-02"
" 2";" 3";" 66.67";" 3.483";"backyard";"6.199747e-02"
" 9";"25";" 36.00";" 2.920";"sort";"8.751061e-02"
" 3";" 6";" 50.00";" 2.744";"fight";"9.764772e-02"
" 5";"12";" 41.67";" 2.724";"house";"9.887291e-02"
"13";"41";" 31.71";" 2.345";"time";"1.257199e-01"
" 6";"16";" 37.50";" 2.264";"stop";"1.324203e-01"
"*****";"*";"*";"*";"*";"*"
" 35";" 79";"44.30";"25.442";"he";"4.558015e-07"
" 61";"177";"34.46";"20.826";"was";"5.029245e-06"
" 19";" 39";"48.72";"17.004";"he_s";"3.729663e-05"
" 10";" 16";"62.50";"15.544";"she";"8.060825e-05"
" 17";" 36";"47.22";"13.923";"saying";"1.904051e-04"
"  4";"  6";"66.67";" 6.995";"says";"8.173945e-03"
"  5";"  9";"55.56";" 5.940";"came";"1.480236e-02"
" 92";"356";"25.84";" 5.718";"that";"1.679179e-02"
"  4";"  7";"57.14";" 5.054";"few";"2.456472e-02"
" 11";" 28";"39.29";" 5.016";"him";"2.511740e-02"
"  5";" 10";"50.00";" 4.598";"47";"3.201220e-02"
" 23";" 72";"31.94";" 4.525";"i_m";"3.340631e-02"
"  3";"  5";"60.00";" 4.211";"next";"4.016708e-02"
"  3";"  5";"60.00";" 4.211";"56";"4.016708e-02"
"  3";"  5";"60.00";" 4.211";"40";"4.016708e-02"
"  3";"  5";"60.00";" 4.211";"until";"4.016708e-02"
"  3";"  5";"60.00";" 4.211";"least";"4.016708e-02"
"  3";"  5";"60.00";" 4.211";"58";"4.016708e-02"
" 28";" 93";"30.11";" 3.999";"all";"4.552621e-02"
"  7";" 17";"41.18";" 3.693";"didn_t";"5.462729e-02"
"  4";"  8";"50.00";" 3.668";"45";"5.546199e-02"
"  4";"  8";"50.00";" 3.668";"04";"5.546199e-02"
"  5";" 11";"45.45";" 3.550";"11";"5.953675e-02"
" 19";" 60";"31.67";" 3.498";"out";"6.143909e-02"
"  2";"  3";"66.67";" 3.483";"g";"6.199747e-02"
"108";"443";"24.38";" 3.462";"like";"6.280087e-02"
" 28";" 96";"29.17";" 3.233";"1";"7.215938e-02"
" 16";" 50";"32.00";" 3.075";"yes";"7.948018e-02"
"  5";" 12";"41.67";" 2.724";"always";"9.887291e-02"
"  5";" 12";"41.67";" 2.724";"again";"9.887291e-02"
" 13";" 40";"32.50";" 2.675";"which";"1.019148e-01"
"  4";"  9";"44.44";" 2.652";"22";"1.034277e-01"
" 43";"161";"26.71";" 2.578";"just";"1.083249e-01"
" 13";" 42";"30.95";" 2.043";"up";"1.528945e-01"
"*";"*";"*";"*";"*";"*"
